-- ============================================================
-- REVOLUT BANKING DATABASE
-- Fichier 2 : Insertion des données de test (DML)
-- ============================================================

USE Revolut;

INSERT INTO TransactionType (name) VALUES
    ('Withdrawal'), ('Deposit'), ('Transfer')
ON DUPLICATE KEY UPDATE name = VALUES(name);

INSERT INTO Country (name, currency, withdrawal_rate) VALUES
('France',         'EUR', 0.0000),
('United States',  'USD', 0.0100),
('United Kingdom', 'GBP', 0.0050),
('Switzerland',    'CHF', 0.0000),
('Germany',        'EUR', 0.0000),
('Spain',          'EUR', 0.0000),
('Italy',          'EUR', 0.0000),
('Canada',         'CAD', 0.0080),
('Australia',      'AUD', 0.0075),
('Japan',          'JPY', 0.0120);

INSERT INTO Bank (name, country_id, currency, withdrawal_limit) VALUES
('Revolut France',      1, 'EUR', 5000.00),
('Revolut US',          2, 'USD', 7000.00),
('Revolut UK',          3, 'GBP', 6000.00),
('Revolut Switzerland', 4, 'CHF', 8000.00),
('Revolut Germany',     5, 'EUR', 5000.00),
('BNP Paribas',         1, 'EUR', 3000.00),
('Société Générale',    1, 'EUR', 2500.00),
('Crédit Agricole',     1, 'EUR', 2800.00),
('JPMorgan Chase',      2, 'USD', 10000.00),
('Bank of America',     2, 'USD', 8000.00),
('Barclays',            3, 'GBP', 4500.00),
('HSBC',                3, 'GBP', 5000.00),
('Deutsche Bank',       5, 'EUR', 3500.00),
('Intesa Sanpaolo',     7, 'EUR', 3000.00),
('Santander',           6, 'EUR', 3200.00);

INSERT INTO Users (name, sex, age, email, phoneNumber, address, startDate) VALUES
('Jean Dupont',     'M', 32, 'jean.dupont@email.com',     '+33612345678',  '12 Rue de Paris, 75001 Paris',           '2023-01-15'),
('Marie Lambert',   'F', 28, 'marie.lambert@email.com',   '+33623456789',  '45 Avenue des Champs, 69002 Lyon',       '2023-02-20'),
('John Smith',      'M', 45, 'john.smith@email.com',      '+14155550123',  '100 Broadway, New York, NY 10005',       '2023-01-10'),
('Sarah Johnson',   'F', 34, 'sarah.j@email.com',         '+14155550456',  '200 Michigan Ave, Chicago, IL 60601',    '2023-03-05'),
('David Williams',  'M', 29, 'david.williams@email.com',  '+442079460123', '10 Downing Street, London SW1A 2AA',     '2023-02-28'),
('Emma Brown',      'F', 26, 'emma.brown@email.com',      '+442079460456', '221B Baker Street, London NW1 6XE',      '2023-04-10'),
('Luca Rossi',      'M', 38, 'luca.rossi@email.com',      '+39061234567',  'Via del Corso 10, 00186 Roma',           '2023-01-25'),
('Sofia Martinez',  'F', 31, 'sofia.m@email.com',         '+34912345678',  'Gran Via 32, 28013 Madrid',              '2023-03-15'),
('Hans Weber',      'M', 52, 'hans.weber@email.com',      '+49301234567',  'Unter den Linden 1, 10117 Berlin',       '2023-02-05'),
('Anna Müller',     'F', 27, 'anna.muller@email.com',     '+49301234890',  'Neuhauser Str. 12, 80331 München',       '2023-04-20'),
('Yuki Tanaka',     'F', 33, 'yuki.tanaka@email.com',     '+81312345678',  '1-1-1 Marunouchi, Chiyoda-ku, Tokyo',   '2023-03-01'),
('Carlos Gomez',    'M', 41, 'carlos.gomez@email.com',    '+525512345678', 'Paseo de la Reforma 123, CDMX',          '2023-01-30'),
('Nina Petrova',    'F', 24, 'nina.petrova@email.com',    '+74951234567',  'Tverskaya 15, Moscow 125009',            '2023-05-10'),
('Thomas Andersen', 'M', 36, 'thomas.a@email.com',        '+4530123456',   'Strøget 10, 1457 Copenhagen',            '2023-02-18'),
('Isabelle Moreau', 'F', 29, 'isabelle.moreau@email.com', '+33678901234',  '15 Rue de la Paix, 75002 Paris',         '2023-04-05');

INSERT INTO Account (owner, bank_id, status, startDate, IBAN, transferLimit, withdrawalLimit, overdrawnLimit, balance, stockValue) VALUES
(1,  1,  'active', '2023-01-15', 'FR7612345000012345678901',    10000.00, 5000.00,  500.00, 14000.50, 3500.00),
(1,  6,  'active', '2023-01-20', 'FR76300040000123456789',       5000.00, 3000.00,  300.00,  2500.00,    0.00),
(2,  1,  'active', '2023-02-20', 'FR7612345000023456789012',    10000.00, 5000.00,  500.00,  8750.25, 1200.00),
(3,  2,  'active', '2023-01-10', 'US12345678901234567890',      15000.00, 7000.00, 1000.00, 26350.75,15000.00),
(3,  9,  'active', '2023-02-01', 'US98765432109876543210',       8000.00, 5000.00,  500.00,  5000.00,    0.00),
(4,  2,  'active', '2023-03-05', 'US11223344556677889900',      12000.00, 6000.00,  750.00, 18750.75, 4500.00),
(5,  3,  'active', '2023-02-28', 'GB29NWBK60161331926819',      10000.00, 6000.00,  600.00, 34274.50, 8000.00),
(6,  3,  'active', '2023-04-10', 'GB29NWBK60161331926820',       8000.00, 5000.00,  400.00,  5600.00,    0.00),
(7,  14, 'active', '2023-01-25', 'IT60X0542811101000000123456',  7000.00, 4000.00,  400.00,  9800.00, 2000.00),
(8,  15, 'active', '2023-03-15', 'ES9121000418450200051332',     7500.00, 4500.00,  450.00, 12300.00, 3500.00),
(9,  5,  'active', '2023-02-05', 'DE89370400440532013000',       9000.00, 5000.00,  500.00, 18750.00, 5000.00),
(10, 5,  'active', '2023-04-20', 'DE89370400440532013001',       6000.00, 3500.00,  300.00,  3200.00,    0.00),
(11, 2,  'active', '2023-03-01', 'JP123456789012345678',        10000.00, 5000.00,  500.00, 14500.00, 3000.00),
(12, 1,  'active', '2023-01-30', 'FR7612345000034567890123',     8000.00, 4000.00,  400.00,  6700.00,    0.00),
(13, 3,  'active', '2023-05-10', 'GB29NWBK60161331926821',       5000.00, 3000.00,  200.00,  1800.00,    0.00),
(14, 4,  'active', '2023-02-18', 'CH5604835012345678009',       12000.00, 8000.00,  800.00, 47900.00,12000.00),
(15, 1,  'active', '2023-04-05', 'FR7612345000045678901234',    10000.00, 5000.00,  500.00,  9300.00, 1500.00);

INSERT INTO BankCard (number, account_id, type, deposit_limit, withdrawal_limit, payment_limit, transaction_date, transaction_country_rate, country_id) VALUES
('4532123456789012', 1,  'PREMIUM',  10000.00,  5000.00,  8000.00, '2026-01-15', 0.0000, 1),
('4532123456789013', 2,  'STANDARD',  5000.00,  2000.00,  3000.00, '2026-02-20', 0.0000, 1),
('4532123456789014', 3,  'PREMIUM',  10000.00,  5000.00,  8000.00, '2026-02-20', 0.0000, 1),
('5555123456789015', 4,  'METAL',    20000.00, 10000.00, 15000.00, '2026-01-10', 0.0100, 2),
('5555123456789016', 5,  'STANDARD',  5000.00,  3000.00,  4000.00, '2026-02-01', 0.0100, 2),
('5555123456789017', 6,  'PREMIUM',  12000.00,  6000.00, 10000.00, '2026-03-05', 0.0100, 2),
('6011123456789018', 7,  'METAL',    20000.00, 10000.00, 15000.00, '2026-02-28', 0.0050, 3),
('6011123456789019', 8,  'STANDARD',  5000.00,  2500.00,  3500.00, '2026-04-10', 0.0050, 3),
('4011123456789020', 9,  'PREMIUM',   8000.00,  4000.00,  6000.00, '2026-01-25', 0.0000, 7),
('4011123456789021', 10, 'PREMIUM',   8000.00,  4000.00,  6000.00, '2026-03-15', 0.0000, 6),
('4011123456789022', 11, 'METAL',    15000.00,  8000.00, 12000.00, '2026-02-05', 0.0000, 5),
('4011123456789023', 12, 'STANDARD',  4000.00,  2000.00,  2500.00, '2026-04-20', 0.0000, 5),
('4011123456789024', 13, 'STANDARD',  5000.00,  3000.00,  4000.00, '2026-03-01', 0.0120, 10),
('4011123456789025', 14, 'PREMIUM',   6000.00,  3000.00,  4500.00, '2026-01-30', 0.0000, 1),
('4011123456789026', 15, 'STANDARD',  3000.00,  1500.00,  2000.00, '2026-05-10', 0.0050, 3),
('4011123456789027', 16, 'METAL',    25000.00, 12000.00, 20000.00, '2026-02-18', 0.0000, 4),
('4011123456789028', 17, 'PREMIUM',  10000.00,  5000.00,  8000.00, '2026-04-05', 0.0000, 1);

INSERT INTO StockMarket (stock_name, unit_value, evolution_daily) VALUES
('Apple Inc.',        175.50,  1.25),
('Microsoft Corp.',   330.25,  0.85),
('Amazon.com Inc.',   128.75, -0.50),
('Google (Alphabet)', 138.20,  0.95),
('Tesla Inc.',        240.30, -1.20),
('Meta Platforms',    310.00,  1.50),
('Netflix Inc.',      430.00,  0.75),
('NVIDIA Corp.',      450.00,  2.10),
('Johnson & Johnson', 155.00,  0.30),
('Visa Inc.',         245.00,  0.45),
('TotalEnergies',      58.50,  0.20),
('LVMH',              750.00,  0.60),
('Airbus',            135.00, -0.30),
('Deutsche Bank',      12.50,  0.15),
('Santander',           3.80,  0.10),
('HSBC Holdings',       6.50,  0.05),
('BNP Paribas',        65.00,  0.25),
('SAP SE',            120.00,  0.40);

INSERT INTO Portfolio (account_id, stock_market_id, stock_name, unit_value, nb_shares, total_stock_value) VALUES
(1,  1,  'Apple Inc.',        175.50, 10,  1755.00),
(1,  3,  'Amazon.com Inc.',   128.75,  8,  1030.00),
(1,  6,  'Meta Platforms',    310.00,  2,   620.00),
(3,  2,  'Microsoft Corp.',   330.25,  3,   990.75),
(4,  1,  'Apple Inc.',        175.50, 30,  5265.00),
(4,  4,  'Google (Alphabet)', 138.20, 25,  3455.00),
(4,  5,  'Tesla Inc.',        240.30, 15,  3604.50),
(4,  8,  'NVIDIA Corp.',      450.00,  5,  2250.00),
(6,  7,  'Netflix Inc.',      430.00,  5,  2150.00),
(7,  11, 'TotalEnergies',      58.50, 20,  1170.00),
(7,  12, 'LVMH',              750.00,  4,  3000.00),
(9,  14, 'Deutsche Bank',      12.50,100,  1250.00),
(10, 15, 'Santander',           3.80,500,  1900.00),
(10, 17, 'BNP Paribas',        65.00, 15,   975.00),
(11, 13, 'Airbus',            135.00, 10,  1350.00),
(11, 18, 'SAP SE',            120.00, 20,  2400.00),
(14, 12, 'LVMH',              750.00,  6,  4500.00),
(14, 16, 'HSBC Holdings',       6.50,500,  3250.00),
(17, 1,  'Apple Inc.',        175.50,  5,   877.50),
(17, 2,  'Microsoft Corp.',   330.25,  2,   660.50);

INSERT INTO Transactions (account_id, type_id, amount, transaction_date) VALUES
(1,  1,  200.00, '2024-01-10 09:30:00'),
(1,  1,   50.00, '2024-01-15 14:20:00'),
(4,  1,  500.00, '2024-01-12 11:00:00'),
(4,  1,  100.00, '2024-01-18 16:45:00'),
(7,  1,  300.00, '2024-01-20 10:15:00'),
(7,  1,   75.50, '2024-01-25 13:30:00'),
(14, 1, 1000.00, '2024-01-22 09:00:00'),
(14, 1,  200.00, '2024-01-28 15:20:00'),
(11, 1,  150.00, '2024-02-01 11:45:00'),
(16, 1,  500.00, '2024-02-05 14:00:00'),
(1,  2, 1500.00, '2024-01-05 10:00:00'),
(1,  2,  500.00, '2024-01-20 09:15:00'),
(4,  2, 3000.00, '2024-01-08 14:30:00'),
(4,  2, 1000.00, '2024-01-25 11:00:00'),
(7,  2, 2000.00, '2024-01-15 09:45:00'),
(7,  2,  750.00, '2024-01-28 16:00:00'),
(14, 2, 5000.00, '2024-01-10 10:30:00'),
(14, 2, 2000.00, '2024-01-30 14:15:00'),
(3,  2,  800.00, '2024-02-03 09:00:00'),
(6,  2, 1200.00, '2024-02-06 11:30:00'),
(9,  2, 3500.00, '2024-02-08 10:00:00'),
(10, 2,  500.00, '2024-02-10 15:45:00'),
(16, 2, 2500.00, '2024-02-12 09:30:00'),
(17, 2, 1000.00, '2024-02-15 14:00:00'),
(1,  3,  250.00, '2024-01-12 11:30:00'),
(1,  3,  100.00, '2024-01-22 09:45:00'),
(4,  3,  500.00, '2024-01-18 14:00:00'),
(7,  3,  200.00, '2024-01-25 10:30:00'),
(14, 3, 1000.00, '2024-01-20 16:00:00'),
(3,  3,  150.00, '2024-02-02 09:15:00'),
(6,  3,  300.00, '2024-02-07 11:00:00'),
(9,  3,   75.00, '2024-02-09 14:30:00'),
(11, 3,  200.00, '2024-02-11 10:45:00'),
(16, 3,  450.00, '2024-02-13 09:00:00');

INSERT INTO Withdrawal (transaction_id, amount, rate, transaction_date) VALUES
(1,  200.00, 0.0000, '2024-01-10 09:30:00'),
(2,   50.00, 0.0000, '2024-01-15 14:20:00'),
(3,  500.00, 0.0100, '2024-01-12 11:00:00'),
(4,  100.00, 0.0100, '2024-01-18 16:45:00'),
(5,  300.00, 0.0050, '2024-01-20 10:15:00'),
(6,   75.50, 0.0050, '2024-01-25 13:30:00'),
(7, 1000.00, 0.0000, '2024-01-22 09:00:00'),
(8,  200.00, 0.0000, '2024-01-28 15:20:00'),
(9,  150.00, 0.0120, '2024-02-01 11:45:00'),
(10, 500.00, 0.0000, '2024-02-05 14:00:00');

INSERT INTO Deposit (transaction_id, amount, transaction_date) VALUES
(11, 1500.00, '2024-01-05 10:00:00'),
(12,  500.00, '2024-01-20 09:15:00'),
(13, 3000.00, '2024-01-08 14:30:00'),
(14, 1000.00, '2024-01-25 11:00:00'),
(15, 2000.00, '2024-01-15 09:45:00'),
(16,  750.00, '2024-01-28 16:00:00'),
(17, 5000.00, '2024-01-10 10:30:00'),
(18, 2000.00, '2024-01-30 14:15:00'),
(19,  800.00, '2024-02-03 09:00:00'),
(20, 1200.00, '2024-02-06 11:30:00'),
(21, 3500.00, '2024-02-08 10:00:00'),
(22,  500.00, '2024-02-10 15:45:00'),
(23, 2500.00, '2024-02-12 09:30:00'),
(24, 1000.00, '2024-02-15 14:00:00');

INSERT INTO Transfer (transaction_id, amount, reference, user_destination_id, transaction_date) VALUES
(25,  250.00, 'TRF-20240112-001',  2, '2024-01-12 11:30:00'),
(26,  100.00, 'TRF-20240122-002',  3, '2024-01-22 09:45:00'),
(27,  500.00, 'TRF-20240118-003',  5, '2024-01-18 14:00:00'),
(28,  200.00, 'TRF-20240125-004',  8, '2024-01-25 10:30:00'),
(29, 1000.00, 'TRF-20240120-005', 10, '2024-01-20 16:00:00'),
(30,  150.00, 'TRF-20240202-006',  1, '2024-02-02 09:15:00'),
(31,  300.00, 'TRF-20240207-007',  7, '2024-02-07 11:00:00'),
(32,   75.00, 'TRF-20240209-008',  4, '2024-02-09 14:30:00'),
(33,  200.00, 'TRF-20240211-009', 12, '2024-02-11 10:45:00'),
(34,  450.00, 'TRF-20240213-010', 15, '2024-02-13 09:00:00');

INSERT INTO AuditLogs (user_id, type, amount, transaction_date) VALUES
(1,  'WITHDRAWAL',  200.00, '2024-01-10 09:30:00'),
(1,  'DEPOSIT',    1500.00, '2024-01-05 10:00:00'),
(1,  'TRANSFER',    250.00, '2024-01-12 11:30:00'),
(3,  'WITHDRAWAL',  500.00, '2024-01-12 11:00:00'),
(3,  'DEPOSIT',    3000.00, '2024-01-08 14:30:00'),
(3,  'TRANSFER',    500.00, '2024-01-18 14:00:00'),
(5,  'WITHDRAWAL',  300.00, '2024-01-20 10:15:00'),
(5,  'DEPOSIT',    2000.00, '2024-01-15 09:45:00'),
(5,  'TRANSFER',    200.00, '2024-01-25 10:30:00'),
(9,  'WITHDRAWAL', 1000.00, '2024-01-22 09:00:00'),
(9,  'DEPOSIT',    5000.00, '2024-01-10 10:30:00'),
(9,  'TRANSFER',   1000.00, '2024-01-20 16:00:00'),
(4,  'DEPOSIT',     800.00, '2024-02-03 09:00:00'),
(6,  'DEPOSIT',    1200.00, '2024-02-06 11:30:00'),
(2,  'DEPOSIT',    3500.00, '2024-02-08 10:00:00'),
(8,  'DEPOSIT',     500.00, '2024-02-10 15:45:00'),
(14, 'DEPOSIT',    2500.00, '2024-02-12 09:30:00'),
(15, 'DEPOSIT',    1000.00, '2024-02-15 14:00:00'),
(2,  'TRANSFER',    150.00, '2024-02-02 09:15:00'),
(7,  'TRANSFER',    300.00, '2024-02-07 11:00:00'),
(12, 'TRANSFER',    200.00, '2024-02-11 10:45:00'),
(15, 'TRANSFER',    450.00, '2024-02-13 09:00:00'),
(1,  'WITHDRAWAL',   50.00, '2024-01-15 14:20:00'),
(4,  'WITHDRAWAL',  100.00, '2024-01-18 16:45:00'),
(5,  'WITHDRAWAL',   75.50, '2024-01-25 13:30:00'),
(9,  'WITHDRAWAL',  200.00, '2024-01-28 15:20:00'),
(11, 'WITHDRAWAL',  150.00, '2024-02-01 11:45:00'),
(15, 'WITHDRAWAL',  500.00, '2024-02-05 14:00:00'),
(1,  'DEPOSIT',     500.00, '2024-01-20 09:15:00'),
(4,  'DEPOSIT',    1000.00, '2024-01-25 11:00:00'),
(5,  'DEPOSIT',     750.00, '2024-01-28 16:00:00'),
(9,  'DEPOSIT',    2000.00, '2024-01-30 14:15:00'),
(1,  'TRANSFER',    100.00, '2024-01-22 09:45:00');
